Gene_set,Term,Overlap,P-value,Adjusted P-value,Old P-value,Old Adjusted P-value,Odds Ratio,Combined Score,Genes
KEGG_2021_Human,Ribosome,6/158,1.9629430050577475e-10,1.7666487045519723e-09,0,0,130.5,2916.8584894831206,RPS25;RPL41;RPS15A;RPL10;RPS13;RPS23
KEGG_2021_Human,Coronavirus disease,6/232,1.9906685930081253e-09,8.958008668536565e-09,0,0,87.4424778761062,1751.8921428708188,RPS25;RPL41;RPS15A;RPL10;RPS13;RPS23
KEGG_2021_Human,Mineral absorption,1/60,0.0354212791446134,0.0743457115392024,0,0,30.70724191063174,102.57577696947943,MT1X
KEGG_2021_Human,PPAR signaling pathway,1/74,0.0435190145295109,0.0743457115392024,0,0,24.80074719800747,77.73936369017362,DBI
KEGG_2021_Human,Leishmaniasis,1/77,0.045246115804659,0.0743457115392024,0,0,23.818181818181817,73.7324794714548,MARCKSL1
KEGG_2021_Human,Fc gamma R-mediated phagocytosis,1/97,0.0566872670654609,0.0743457115392024,0,0,18.83712121212121,54.06641192516822,MARCKSL1
KEGG_2021_Human,Hematopoietic cell lineage,1/99,0.0578244423082685,0.0743457115392024,0,0,18.450834879406308,52.5912212421319,CD9
KEGG_2021_Human,Fluid shear stress and atherosclerosis,1/139,0.0803057041431777,0.0903439171610749,0,0,13.076416337285902,32.97760560549118,SUMO2
KEGG_2021_Human,RNA transport,1/186,0.1060923452999271,0.1060923452999271,0,0,9.73120393120393,21.831424521286515,SUMO2
